ticker,name,price,change,change_percent,volume,ma50,ma200,performance_3m,performance_ytd,performance_52wk,week_52_high,week_52_low,expense_ratio,sector,theme_tags,risk_level,aum,volatility,dividend_yield,market_cap,pe_ratio,beta,quality_score
TSLL,Direxion Daily TSLA Bull 2X Shares,12.995,0.8050003,6.6037765,139904221,11.381,16.1561,52.66602359525656,-45.9136945882627,68.91839906900815,41.5,6.29,0,Financial,"ai,leveraged,financial",low,6331.778048,9.348374333876905,252.99999999999997,6331.778048,76.05308,1.0,0.7267198089028843
SOXL,Direxion Daily Semiconductor Bull 3X Shares,20.89,-0.80000114,-3.688341,97074891,14.5896,25.6851,15.836697862107862,-24.268671864557867,-65.31306324352897,70.08,7.23,0,Technology,"leveraged,ai,technology,financial",low,10812.217344,8.170545986118992,217.0,10812.217344,32.30146,1.0,0.8052593244110053
SQQQ,ProShares UltraPro Short QQQ,22.255,0.33499908,1.5282805,85122543,30.1064,33.05805,-42.894073958352905,-27.952510275756946,-43.520706521870665,57.95,21.52,0,Financial,"ai,inverse,leveraged,financial",low,3045.803776,4.779875070016042,1203.0,3045.803776,0.0,1.0,0.895160186881522
SOXS,Direxion Daily Semiconductor Bear 3X Shares,9.825,0.375,3.968254,84814291,18.5298,21.22685,-63.052776036020454,-55.21903349264328,-51.85523716985075,53.43,9.09,0,Technology,"ai,inverse,financial,technology,leveraged",low,1063.387456,8.26853818472901,768.0,1063.387456,0.0,1.0,0.8761291561529148
TSLZ,T-Rex 2X Inverse Tesla Daily Target ETF,1.585,-0.110000014,-6.4896765,80958886,2.5136,5.59235,-70.42910450250807,-43.29159231191802,-94.45288826841673,31.07,1.39,0,Financial,"ai,inverse,financial,value,leveraged",low,117.695896,9.35917358798268,332.0,117.695896,0.0,1.0,0.8364348209648075
TQQQ,ProShares UltraPro QQQ,74.6,-1.090004,-1.4400897,59148970,60.4118,71.7314,29.468917006775165,-4.845359139281003,3.4176217107503515,93.79,35.0,0,Financial,"ai,leveraged,financial",low,24302.88896,4.774036250684127,141.0,24302.88896,32.392532,1.0,0.8166190644103869
SPXS,Direxion Daily S&P 500 Bear 3X Shares,5.16,0.069999695,1.3752395,45921306,6.3944,6.41325,-31.10738642255709,-18.563669500070613,-32.67347184086873,10.67,5.06,0,Financial,"ai,inverse,leveraged,financial",low,410.50784,3.7073988180965163,616.0,410.50784,0.0,1.0,0.8589324214064828
SPY,SPDR S&P 500 ETF,601.06,-2.6900024,-0.44554907,36694553,564.6586,578.92957,9.322844439924683,3.1109692614063267,12.214957805585037,613.23,481.8,0,Diversified,diversified,low,603516.960768,1.288013321759177,121.0,603516.960768,25.982168,1.0,0.8887610013094118
FAZ,Direxion Daily Financial Bear 3X Shares,5.0467,0.21670008,4.492683,26728859,5.48,6.2207,-23.73027705712373,-19.80375149453518,-52.1059460921243,11.43,4.6,0,Financial,"ai,inverse,financial,consumer,real estate,leveraged",low,115.110328,3.8662452886671126,809.0,115.110328,0.0,1.0,0.836036285495824
MSTU,T-Rex 2X Long MSTR Daily Target ETF,7.83,0.029999733,0.38461196,26529305,7.5427,8.645859,60.780289685923904,-3.8083588027240434,206.85423718298145,31.5,2.406,0,Technology,"ai,technology,leveraged",low,1659.560064,12.566637073875834,0.0,1659.560064,0.0,1.0,0.6341772745438891
QQQ,Invesco QQQ Trust,531.24,-2.419983,-0.45346907,26580288,489.1604,498.08194,13.599569503814113,4.2730159555456115,12.117626797132953,540.81,402.39,0,Diversified,"diversified,ai",low,333553.434624,1.6097839161338563,57.99999999999999,333553.434624,31.114834,1.0,0.8596462212998428
XLF,The Financial Select Sector SPDR Fund,50.3,-0.70000076,-1.3725505,26754555,49.1522,48.69,6.458669065096712,4.7141712218588205,25.26563689727781,52.64,40.37,0,Financial,"consumer,real estate,financial",low,49631.080448,1.2827343729336904,140.0,49631.080448,17.781458,1.0,0.8853995840025473
XLE,The Energy Select Sector SPDR Fund,87.705,1.1150055,1.287684,25201142,82.3394,88.1673,1.3868238854317205,1.9951918214117237,2.128874241152068,97.92,74.49,0,Energy,"consumer,utilities,energy,clean energy",low,26272.59392,1.5935907525629056,350.0,26272.59392,16.267036,1.0,0.8822491721083094
IWM,iShares Russell 2000 ETF,211.01,-1.7700043,-0.83184713,26424238,198.9026,215.84085,6.755929271939087,-4.366687777512068,5.395261449203703,244.98,171.73,0,Diversified,"diversified,ai",low,62108.319744,1.5370343792670833,120.0,62108.319744,17.62531,1.0,0.8892706524211862
IBIT,iShares Bitcoin Trust ETF,60.16,-0.5400009,-0.88962257,24358744,55.2806,49.3302,32.16168550620371,8.650895806264902,58.733502441506815,63.7,28.23,0,Technology,"ai,technology",low,69644.296192,3.3508090687506797,0.0,69644.296192,0.0,1.0,0.701787157905055
UVXY,ProShares Ultra VIX Short-Term Futures ETF,21.815,1.0650005,5.1325326,23067773,27.8718,23.95255,-19.517140582706627,-3.0373814491446938,-7.439597527610465,65.87,17.27,0,Diversified,"diversified,inverse,leveraged,volatility",low,373.87744,9.063274900584288,0.0,373.87744,0.0,1.0,0.607245387729586
AMDL,GraniteShares 2x Long AMD Daily ETF,5.935,-0.10500002,-1.738411,25060105,4.8158,8.39285,24.16317326934805,-22.316753318090775,-63.15952999426966,21.64,2.77,0,Financial,"ai,leveraged,financial",low,305.732384,6.680733356815893,0.0,305.732384,0.0,1.0,0.6036149845864409
MSTZ,T-Rex 2X Inverse MSTR Daily Target ETF,4.795,-0.034999847,-0.7253855,25001966,6.4773,54.808994,-75.69690731097478,-81.57186782499366,-99.01958775498055,513.8,3.95,0,Technology,"ai,inverse,technology,leveraged",low,161.422592,12.616647442784393,0.0,161.422592,0.0,1.0,0.5921102682017485
LQD,iShares iBoxx $ Investment Grade Corporate Bond ETF,107.66,-0.7799988,-0.7192906,21283984,107.0164,108.7175,0.8416157255388468,2.6860464413972496,3.803142589066444,114.07,103.45,0,Diversified,"dividend,diversified,value,leveraged",low,30823.829504,0.4755287423604278,446.0,30823.829504,32.555187,1.0,0.8194092747712378
TLT,iShares 20+ Year Treasury Bond ETF,86.005,-1.1650009,-1.33647,21724532,87.1546,90.7787,-4.071417782968389,-0.029476376643888802,-4.513021621884883,101.64,83.3,0,Diversified,"diversified,ai",low,50897.133568,0.9034863016064739,438.99999999999994,50897.133568,0.0,1.0,0.9461125773779967
TSLQ,Tradr 2X Short TSLA Daily ETF,17.4288,-1.221199,-6.547984,24189119,27.53,28.27845,-70.15105195227049,-37.916115012865085,-47.30415735944534,72.975,6.57,0,Financial,"ai,inverse,leveraged,financial",high,372.932608,34.121602374696266,772.0,372.932608,60.856747,1.0,0.6857597779511589
FXI,iShares China Large-Cap ETF,36.715,-0.54499817,-1.4626898,17704866,34.6774,32.49235,0.34162339294541155,22.833726672149425,41.20653572399766,38.73,24.59,0,Diversified,"diversified,ai",low,5969.947648,2.2001878196632396,152.0,5969.947648,10.461753,1.0,0.8840210967798917
UVIX,2x Long VIX Futures ETF,27.855,1.8249989,7.011136,16270863,41.1843,39.7281,-39.88994507873185,-21.090651149385597,-50.25892938886369,199.7,4.29,0,Diversified,"diversified,ai,volatility,value,leveraged",low,379.943104,12.245393921561817,0.0,379.943104,0.0,1.0,0.6075358381745845
HYG,iShares iBoxx $ High Yield Corporate Bond ETF,79.42,-0.1800003,-0.22610264,18431161,78.5346,79.19555,2.644579416315307,3.1732673615691542,8.875421419147877,80.37,75.08,0,Diversified,"dividend,diversified,value",low,15944.02816,0.3590870476339435,583.0,15944.02816,10.92034,1.0,0.8964061496857711
EEM,iShares MSCI Emerging Markets ETF,47.255,-0.61499786,-1.2847251,17513093,44.4614,43.9839,7.937419793765854,13.158532010161927,13.92311992040951,47.97,38.19,0,Diversified,"diversified,growth",low,17162.83392,1.2084439267368117,223.0,17162.83392,14.370364,1.0,0.8836723541192718
USO,"United States Oil Fund, LP",79.32,4.2699966,5.6895356,17092374,68.07,72.6292,10.751182145981787,3.106719589454676,4.726699144478319,84.58,60.67,0,Energy,"utilities,energy",low,907.009344,1.9698291791703293,0.0,907.009344,24.0,1.0,0.6026030105904516
NVDQ,T-Rex 2X Inverse NVIDIA Daily Target ETF,1.675,0.03999996,2.439022,13349268,2.6399,3.4068,-50.879768030614336,-46.314102123239785,-68.99971962574757,9.19,1.63,0,Financial,"ai,inverse,financial,value,leveraged",low,51.805816,7.35302196505228,806.0,51.805816,0.0,1.0,0.8217784065872702
TZA,Direxion Daily Small Cap Bear 3X Shares,12.8699,0.31989956,2.547965,13947313,15.8818,13.9379,-27.0304861253724,0.9740372703432199,-28.704195912591736,25.7,9.66,0,Financial,"ai,inverse,leveraged,financial",low,281.297888,4.614235889867203,503.0,281.297888,0.0,1.0,0.8521128178751178
EWZ,iShares MSCI Brazil ETF,28.13,-0.020000458,-0.071049586,14410456,26.7674,26.57655,13.447585058137989,23.888161000052065,7.86515038138571,31.14,22.26,0,Diversified,diversified,low,4298.987008,1.559956607029542,739.0,4298.987008,10.395285,1.0,0.8795344314467426
SCHD,Schwab U.S. Dividend Equity ETF,27.0143,-0.005701065,-0.021099426,12401844,25.9696,27.58005,-0.11691237094099138,-0.006989421193326351,7.037899059531139,29.72,23.87,0,Financial,"dividend,value,financial",low,68157.906944,1.0430811703240674,397.0,68157.906944,16.37415,1.0,0.8956208205695783
TNA,Direxion Daily Small Cap Bull 3X Shares,31.49,-0.80999947,-2.5077384,12888473,27.1948,39.0659,9.33273494397815,-24.63319816470122,-12.956090295046586,58.0,18.01,0,Financial,"ai,leveraged,financial",low,1834.275072,4.61038213993484,160.0,1834.275072,16.797785,1.0,0.8415988988584546
ETHA,iShares Ethereum Trust ETF,19.4012,-0.98880005,-4.849722,11772399,16.2086,19.902525,38.7782544785175,-25.949622992897826,-26.062501867188203,31.18,10.99,0,Technology,"ai,technology",low,3583.032832,4.822114642391368,0.0,3583.032832,0.0,1.0,0.6480988324758137
SPXU,ProShares UltraPro Short S&P500,18.54,0.26000023,1.4215509,12037324,22.9388,23.1785,-31.057149943730323,-17.529427595532677,-33.048356811489214,38.25,18.14,0,Financial,"ai,inverse,leveraged,financial",low,570.35552,3.6964455891251093,909.0,570.35552,0.0,1.0,0.8648711011482494
GLD,SPDR Gold Shares,316.035,3.8349915,1.2283765,10943507,301.7826,264.4547,14.867516466159248,28.77312607775069,48.39414088869673,317.63,212.12,0,Diversified,"diversified,leveraged",low,97988.837376,1.117401430640275,0.0,97988.837376,0.0,1.0,0.707965876538044
TSLS,Direxion Daily TSLA Bear 1X Shares,7.649,-0.26109982,-3.3008409,16489316,9.1286,11.06865,-38.36356190484535,-9.782729858905281,-65.72986087889699,23.78,6.818,0,Financial,"ai,inverse,leveraged,financial",low,71.467944,4.688120763612692,600.0,71.467944,0.0,1.0,0.8275060808355265
GDX,VanEck Gold Miners ETF,54.58,1.050003,1.9615227,11471565,49.0414,41.776,26.313360304300026,54.44256252233741,66.57849429215823,54.7,32.84,0,Materials,materials,low,15570.465792,2.134529586158507,80.0,15570.465792,20.405064,1.0,0.8581240605341469
SLV,iShares Silver Trust,33.015,-0.045001984,-0.13614275,11299270,30.0518,28.93935,7.400779555853321,22.59561461387416,24.914865714863875,33.54,24.25,0,Diversified,"diversified,ai,leveraged",low,15206.646784,1.7960780007401902,0.0,15206.646784,0.0,1.0,0.6742525840399844
BITO,ProShares Bitcoin ETF,21.2051,-0.19490051,-0.9107501,4886538,20.5442,21.15325,30.412768876549645,5.841233090394482,48.49170298905297,27.88,16.11,0,Diversified,"diversified,value,leveraged",low,2446.099712,3.3820341642268796,5772.0,2446.099712,0.0,1.0,0.8911938194131068
EFA,iShares MSCI EAFE ETF,89.585,-0.8050003,-0.8906841,9920185,84.8808,81.4192,8.984187847209402,18.89183928151048,15.382049190798597,90.51,72.15,0,Diversified,diversified,low,63209.721856,1.100004788114849,276.0,63209.721856,17.30756,1.0,0.8907961183309103
SPDN,Direxion Daily S&P 500 Bear 1X Shares,10.7254,0.055399895,0.5192215,9482751,11.3964,11.19035,-8.70237171435323,-2.1693013302713338,-6.090688175810466,13.355,10.6,0,Financial,"ai,inverse,leveraged,financial",low,163.986752,1.2413422399598828,482.0,163.986752,0.0,1.0,0.8423937113714666
SDS,ProShares UltraShort S&P500,17.82,0.15999985,0.90548867,8227837,20.349,20.18125,-19.639466993287524,-8.827176547336801,-19.272279782695236,28.31,17.56,0,Financial,"ai,inverse,leveraged,financial",low,434.912768,2.4718758656096056,783.0,434.912768,0.0,1.0,0.8599749829084982
LABD,Direxion Daily S&P Biotech Bear 3X Shares,7.2298,0.12980032,1.8281479,9781280,9.113,7.20265,-10.067489168291587,5.42017322933519,5.6435810926153795,16.05,4.78,0,Technology,"ai,inverse,financial,healthcare,technology,leveraged,tech",low,51.969584,5.226275761531955,379.0,51.969584,0.0,1.0,0.8218344400912346
SCO,ProShares UltraShort Bloomberg Crude Oil,16.205,-1.2450008,-7.134675,8007370,20.2258,18.32585,-14.259257932375514,-1.668687051995854,-2.496996958915232,24.52,14.6,0,Energy,"leveraged,inverse,financial,energy",low,111.321672,3.2425315715501455,0.0,111.321672,0.0,1.0,0.585435981652608
KRE,SPDR S&P Regional Banking ETF,56.91,-0.86999893,-1.5057095,8407928,55.2188,59.2072,3.914716546646324,-4.007733885764775,25.351502026017904,70.25,45.79,0,Financial,financial,low,3216.32512,2.0368877260614813,275.0,3216.32512,12.439729,1.0,0.8671575823277291
KWEB,KraneShares CSI China Internet ETF,34.255,-0.5949974,-1.7072363,8053492,32.8562,31.9666,-4.101344072011914,19.27229069322096,21.464048892707854,39.17,24.68,0,Technology,"ai,technology,leveraged,tech",low,6217.846784,2.646479108034365,309.0,6217.846784,17.295475,1.0,0.8572750952357844
NVDL,GraniteShares 2x Long NVDA Daily ETF,58.48,-1.4599991,-2.4378052,7597955,43.523,57.6056,35.778964375669474,-16.813660023341825,-25.054465645138013,91.7,23.123,0,Financial,"ai,leveraged,financial",low,3721.14432,7.3143628528589275,0.0,3721.14432,0.0,1.0,0.6487830503405266
NVDX,T-Rex 2X Long NVIDIA Daily Target ETF,12.1082,-0.3118,-2.5111141,9003852,9.0414,12.995625,34.685210027944045,-18.57296458353709,-26.994698758934355,22.263,4.821,0,Financial,"ai,value,leveraged,financial",low,599.15232,7.361078732492725,0.0,599.15232,41.293907,1.0,0.5274330883094572
XLI,The Industrial Select Sector SPDR Fund,143.56,-0.30000305,-0.2085382,7318610,134.8046,135.3816,11.819374652360137,9.673246895795383,19.050719513377935,145.56,112.75,0,Industrial,industrial,low,21260.63616,1.2551677928065779,135.0,21260.63616,25.557625,1.0,0.842022722733615
UCO,ProShares Ultra Bloomberg Crude Oil,25.73,1.6899986,7.029944,7061711,21.2948,25.41,6.71919904966416,-8.82352881539521,-18.005098054923742,35.71,17.78,0,Energy,"leveraged,financial,energy",low,362.912384,3.2265686303864776,0.0,362.912384,0.0,1.0,0.6067082014563504
XLU,The Utilities Select Sector SPDR Fund,81.535,-0.35499573,-0.4334767,6993829,79.3942,78.81335,6.144919250766945,7.661876044373361,19.85040114218901,83.41,67.6,0,Energy,"utilities,leveraged,energy,clean energy",low,18748.83584,1.0853132470545017,278.0,18748.83584,20.909672,1.0,0.8587945609904015
NVDD,Direxion Daily NVDA Bear 1X Shares,5.1765,0.061500072,1.2038537,8053188,6.3025,6.60554,-24.731950610812802,-16.80900168644066,-30.201869803511695,10.11,5.11,0,Financial,"ai,inverse,leveraged,financial",low,32.07563,3.673800858438315,454.0,32.07563,0.0,1.0,0.813312838544025
ULTY,YieldMax Ultra Option Income Strategy ETF,6.19,0.0,0.0,6690270,5.9826,8.4151,21.620171226488583,3.361950210121889,7.8366001132579965,14.4,5.23,0,Diversified,"diversified,ai,volatility,dividend,value,leveraged",low,349.97072,1.8803735733299451,14646.0,349.97072,24.30853,1.0,0.7876082428876222
XLV,The Health Care Select Sector SPDR Fund,136.9941,0.18409729,0.1345642,7292227,135.0982,144.309,-4.38426512412784,-0.06241337041995587,-4.608122825191918,159.64,127.35,0,Technology,"ai,consumer,healthcare,technology,leveraged",low,34513.383424,1.0041367108425685,176.0,34513.383424,24.318962,1.0,0.8539908226472633
RSP,Invesco S&P 500 Equal Weight ETF,178.625,-0.8950043,-0.4985263,6880559,171.1812,176.76904,5.933414987396701,2.726059990624541,10.210805196145255,188.16,150.35,0,Diversified,"diversified,ai,leveraged",low,71173.218304,1.102076214440982,159.0,71173.218304,20.68836,1.0,0.878990650201753
TMF,Direxion Daily 20+ Year Treasury Bull 3X Shares,36.8798,-1.5401993,-4.0088477,6657613,38.6168,45.175,-15.80409035999728,-7.77373843059962,-27.506710498265885,64.98,33.51,0,Financial,"ai,value,leveraged,financial",low,4863.415808,2.6737238687906477,454.0,4863.415808,0.0,1.0,0.9036262787975691
IAU,iShares Gold Trust,64.6899,0.79990387,1.2521958,7485570,61.7542,54.092,14.963395651353629,27.296276425177844,48.60993584508036,65.0,43.35,0,Financial,"ai,real estate,leveraged,financial",low,45492.318208,1.1148705508132442,0.0,45492.318208,0.0,1.0,0.6940811506130126
XBI,SPDR S&P Biotech ETF,83.93,-0.4300003,-0.5097206,6677644,79.0984,90.432,-2.3673159523671994,-7.828201806035528,-10.408646671192024,105.47,66.66,0,Technology,"ai,technology,healthcare,tech",low,4664.529408,1.7446918369006268,17.0,4664.529408,0.0,1.0,0.9028708721349841
QID,ProShares UltraShort QQQ,27.605,0.28499985,1.0431912,6118458,33.2268,34.1809,-28.01661873069854,-15.014446928047454,-25.56191535405816,50.45,27.0,0,Financial,"ai,inverse,leveraged,financial",low,264.486512,3.201938852640842,762.0,264.486512,0.0,1.0,0.8510017692381626
XLP,The Consumer Staples Select Sector SPDR Fund,81.405,-0.5550003,-0.67715997,6545955,81.1928,81.00935,3.1655527897969993,4.429286861562187,8.737387968780808,84.53,75.61,0,Consumer,consumer,low,16393.682944,0.8398567819962103,246.0,16393.682944,23.239445,1.0,0.84753232074287
GDXD,MicroSectors Gold Miners -3X Inverse Leveraged ETNs,2.7046,-0.16539979,-5.762256,7669314,4.3908,10.2527,-64.17748308049175,-81.84832104032174,-89.19456643406362,25.78,2.7001,0,Diversified,"diversified,inverse,leveraged",low,92.357168,6.529739390876468,0.0,92.357168,14.5504055,1.0,0.6074699669622022
VXX,iPath Series B S&P 500 VIX Short-Term Futures ETN,52.855,1.6949997,3.3131347,5948001,60.7014,50.9678,-6.085641988891554,12.841587041105317,21.673575536760147,91.19,39.98,0,Diversified,"diversified,inverse,leveraged,volatility",low,389.340224,6.059994152927427,0.0,389.340224,0.0,1.0,0.607976804458771
SCHX,Schwab U.S. Large-Cap ETF,23.79,-0.1099987,-0.46024564,6497085,22.3238,23.116884,9.701262942402323,3.06706186356287,12.039561259651578,66.02,19.0,0,Diversified,"diversified,ai",low,53737.070592,1.2503992815970526,121.0,53737.070592,25.894753,1.0,0.8540970569832593
ARKK,ARK Innovation ETF,62.47,0.45000076,0.7255736,6655505,52.4868,53.356,32.211642795138886,9.808405503463602,40.76160368906487,68.43,36.85,0,Diversified,"diversified,ai,growth",low,5550.070272,2.878053556286046,0.0,5550.070272,35.092888,1.0,0.5844410055059617
SMH,VanEck Semiconductor ETF,260.1,-3.0499878,-1.1590302,5416096,224.3128,237.89964,18.469598036032984,6.254345862695088,-2.229394422584974,283.07,170.11,0,Technology,technology,low,22183.995392,2.7126302424974025,45.0,22183.995392,34.105,1.0,0.8084486447615389
IEMG,iShares Core MSCI Emerging Markets ETF,58.905,-0.7649994,-1.2820503,6145793,55.156,54.7618,8.982422961640669,12.996350608796536,13.569643669321652,59.77,47.29,0,Diversified,"diversified,growth",low,87525.285888,1.1781981313878114,295.0,87525.285888,14.61762,1.0,0.9062674699966446
PLTD,Direxion Daily PLTR Bear 1X Shares,9.2619,-0.31809998,-3.3204591,5556024,12.2938,15.88018,-50.27964164585046,-59.89124992297743,-59.89124992297743,27.23,9.26,0,Financial,"ai,inverse,leveraged,financial",low,54.358248,5.396154690564344,0.0,54.358248,0.0,1.0,0.5726325973725219
FNGB,MicroSectors™ FANG+™ 3x Leveraged ETNs,21.35,-0.30999947,-1.4312072,4868436,16.2512,16.454494,51.849215819950636,-11.896997663373943,-11.896997663373943,24.52,7.95,0,Technology,"ai,consumer,growth,technology,leveraged",low,1577.928064,7.666166655017752,0.0,1577.928064,38.882317,1.0,0.5510828101330711
IEFA,iShares Core MSCI EAFE ETF,83.345,-0.7449951,-0.8860025,5741758,78.8732,75.70175,9.376646402379896,18.843582610636833,15.977245766067782,84.22,66.95,0,Diversified,diversified,low,139522.637824,1.0986096233293159,296.0,139522.637824,16.846418,1.0,0.9041025877057146
BITO,ProShares Bitcoin ETF,21.2051,-0.19490051,-0.9107501,4886538,20.5442,21.15325,30.412768876549645,5.841233090394482,48.49170298905297,27.88,16.11,0,Diversified,"diversified,value,leveraged",low,2446.099712,3.3820341642268796,5772.0,2446.099712,0.0,1.0,0.8911938194131068
SPLG,SPDR Portfolio S&P 500 ETF,70.71,-0.30000305,-0.42248,4825042,66.4034,68.1059,9.340435901165733,3.1555481453350964,12.317807456194796,72.14,56.67,0,Diversified,diversified,low,67522.818048,1.2369199993460849,129.0,67522.818048,25.984835,1.0,0.8570425596979454
VEA,Vanguard FTSE Developed Markets Index Fund ETF Shares,56.3867,-0.47330093,-0.832397,6343018,53.0594,51.25625,10.5962880665321,18.70791668798195,16.50033090605838,56.9,45.14,0,Diversified,"diversified,leveraged",low,224745.914368,1.07551654457277,281.0,224745.914368,16.642277,1.0,0.911820683261985
SCHG,Schwab U.S. Large-Cap Growth ETF,28.105,-0.16500092,-0.58366084,5609198,26.0342,26.766775,12.94142336671371,1.054982537888982,12.668678655510245,29.14,21.37,0,Diversified,"diversified,ai,growth",low,41286.008832,1.593115739958461,41.0,41286.008832,33.934925,1.0,0.8181207473392137
BITX,2x Bitcoin Strategy ETF,53.355,-1.0649986,-1.9569986,4735071,47.2269,44.807426,59.33210280273222,-1.8801858305340202,52.733372586755365,72.8,18.95,0,Diversified,"diversified,value,leveraged",low,2846.573824,6.751406857606347,1199.0,2846.573824,0.0,1.0,0.8939364580033523
SVIX,-1x Short VIX Futures ETF,14.43,-0.5,-3.3489618,4653119,13.5399,22.680124,-24.052629972759043,-41.79104569480884,-69.99999841384724,51.59,9.3,0,Diversified,"diversified,ai,inverse,volatility,value,leveraged",low,323.271488,5.89650305907856,0.0,323.271488,0.0,1.0,0.6046211985180922
MSTY,Yieldmax MSTR Option Income Strategy ETF,21.055,0.055000305,0.2619062,4636752,22.1498,25.9847,40.779915408733444,22.74300986279747,109.05213395347042,46.5,17.1,0,Diversified,"dividend,diversified,ai,value",low,4098.147328,4.664373974055575,14026.0,4098.147328,0.0,1.0,0.9005288969847008
RWM,ProShares Short Russell2000,19.485,0.17500114,0.9065022,5418671,20.656,19.36565,-6.935462330448717,4.853050773366463,-2.8465251668415625,23.99,17.14,0,Financial,"ai,inverse,leveraged,financial",low,183.094912,1.5452614978814636,504.0,183.094912,0.0,1.0,0.8443767410697831
PSQ,ProShares Short QQQ,35.3401,0.18009949,0.51215696,4267386,38.4634,38.5718,-13.167143284636552,-4.902255351984097,-9.012315293191431,46.98,34.94,0,Financial,"ai,inverse,leveraged,financial",low,597.205824,1.5973392452320094,686.0,597.205824,0.0,1.0,0.8657021098712999
UPRO,ProShares UltraPro S&P500,84.165,-1.2350006,-1.4461365,3941227,71.7134,84.0153,18.50090860176301,-4.0263907361510975,11.818154727152418,100.06,45.88,0,Financial,"ai,leveraged,financial",low,3852.89728,3.690343472516079,111.00000000000001,3852.89728,25.723108,1.0,0.8166375724996315
VOO,Vanguard S&P 500 ETF,552.4804,-2.4696045,-0.44501385,4046848,518.9504,532.2831,9.337513647048912,3.1510870086689735,12.29603259322538,563.92,442.8,0,Diversified,"diversified,leveraged",low,1427621.80608,1.2318567792709991,129.0,1427621.80608,26.215508,1.0,0.895137968
EMB,iShares J.P. Morgan USD Emerging Markets Bond ETF,90.97,-0.51999664,-0.5683645,3925767,89.681,90.8317,1.727624562936514,4.1383291745962225,7.596157204042253,93.97,84.78,0,Diversified,"dividend,diversified,value,growth",low,12616.506368,0.47648264241109867,555.0,12616.506368,0.0,1.0,0.9208738971913456
XOP,SPDR S&P Oil & Gas Exploration & Production ETF,131.69,2.3600006,1.8247898,3888815,117.3678,130.59625,7.996215192923373,-1.7524519095148183,-7.064066343643571,151.47,99.01,0,Energy,"utilities,leveraged,energy",low,1841.440768,2.0527658777712654,271.0,1841.440768,11.224245,1.0,0.8639494711590101
SCHA,Schwab U.S. Small-Cap ETF,24.7401,-0.18989944,-0.7618865,4087826,23.368,25.39765,7.063872146751926,-4.077399281897098,5.761721640438933,50.79,20.04,0,Diversified,"diversified,ai",low,16563.92192,1.5189886711784206,162.0,16563.92192,18.079287,1.0,0.868322498438108
SGOV,iShares 0-3 Month Treasury Bond ETF,100.525,0.035003662,0.03483298,4262210,100.5116,100.4982,1.0842688759111985,1.9085087410668722,4.7788941670595,100.75,100.15,0,Diversified,"diversified,ai",low,47210.22976,0.014081545700050121,469.00000000000006,47210.22976,0.0,1.0,0.9447518880457757
GOVT,iShares U.S. Treasury Bond ETF,22.6799,-0.09010124,-0.3957867,3907623,22.7592,22.83935,0.00780496272836384,2.407261556322138,3.374979319873117,23.69,22.23,0,Diversified,"diversified,ai,value",low,27441.16224,0.3775606379876237,335.0,27441.16224,0.0,1.0,0.9349340969827155
SH,ProShares Short S&P500,41.235,0.20500183,0.499578,3528882,43.8136,43.00235,-8.782378349942421,-2.2791068283525395,-7.6447405643188855,51.37,11.24,0,Financial,"ai,inverse,leveraged,financial",low,1350.33984,1.2368895107737068,566.0,1350.33984,0.0,1.0,0.880448524198298
NVD,Graniteshares 2x Short NVDA Daily ETF,15.4901,0.3600998,2.380054,3613513,24.2826,31.12015,-50.447537448801015,-45.12894028302811,-67.4008114480031,84.5,1.96,0,Diversified,"diversified,ai,inverse,leveraged",low,111.686848,7.33459955005965,1494.0,111.686848,0.0,1.0,0.8354947179695581
JEPQ,JPMorgan Nasdaq Equity Premium Income ETF,52.89,-0.15000153,-0.2828083,3764718,51.1292,54.416176,6.363524499489537,-1.1461652275789214,7.318701292247631,58.54,44.311,0,Diversified,"dividend,diversified,value",low,26269.374464,1.2801491656244046,1128.0,26269.374464,30.498941,1.0,0.8253197781121429
SOXX,iShares Semiconductor ETF,223.93,-2.9400024,-1.2958975,4071404,193.904,212.6116,14.92375340159362,3.411233936105562,-11.003546643787288,267.24,148.31,0,Technology,"ai,technology",low,11573.552128,2.7630796340556985,72.0,11573.552128,31.023884,1.0,0.8113546038396265
TSLY,YieldMax TSLA Option Income Strategy ETF,8.3502,0.1701994,2.080677,4864342,8.5552,11.74735,32.844089006165774,-10.081891252294728,28.684332028018677,18.223,6.9,0,Diversified,"dividend,diversified,value",low,1151.53536,3.6475665010930656,11656.0,1151.53536,0.0,1.0,0.8775689274375776
TSLG,Leverage Shares 2X Long TSLA Daily ETF,6.465,0.4250002,7.0420237,4722619,5.6326,8.346715,53.92858205198478,-45.62657724212315,-60.190885198868706,20.279,3.11,0,Financial,"ai,leveraged,financial",low,27.58101,9.879711462320621,0.0,27.58101,0.0,1.0,0.5606698988287246
TSLT,T-Rex 2X Long Tesla Daily Target ETF,17.745,1.1550007,6.9620295,4514260,15.5273,22.087376,51.40785354036528,-46.61552363660443,62.79817853448775,56.9,8.62,0,Financial,"ai,value,leveraged,financial",low,423.151712,9.344482539549617,0.0,423.151712,52.25759,1.0,0.4875840408093466
CONY,YieldMax COIN Option Income Strategy ETF,7.62,-0.07000017,-0.9102753,3421383,7.8478,11.83245,21.29643278245943,-12.277573175223655,-11.619271771865613,22.29,6.11,0,Diversified,"dividend,diversified,value",low,1101.495808,4.173223660876158,18259.0,1101.495808,0.0,1.0,0.876765706118038
PLTU,Direxion Daily PLTR Bull 2X Shares,66.075,4.234997,6.8483133,3382212,46.3282,38.63213,158.3790059386631,141.4360969822098,153.12126353384392,69.4,16.61,0,Financial,"ai,leveraged,financial",low,415.371392,10.406810947493849,0.0,415.371392,76.52374,1.0,0.48731602941352853
JDST,Direxion Daily Junior Gold Miners Index Bear 2X Shares,8.895,-0.27499962,-3.000509,4275681,12.6338,21.94385,-50.23643217372691,-67.77386029259841,-76.86279949716298,41.4,8.82,0,Materials,"ai,inverse,materials,growth,leveraged",low,70.96128,4.780068134118455,1224.0,70.96128,0.0,1.0,0.8273791199869713
VWO,Vanguard Emerging Markets Stock Index Fund,48.505,-0.61499786,-1.2520316,4058582,45.8924,45.7163,7.255029165689941,10.551815081317395,14.724759446753467,49.57,39.53,0,Diversified,"diversified,leveraged,growth",low,116436.238336,1.165260564515333,302.0,116436.238336,15.607828,1.0,0.9064384178757197
UNG,"United States Natural Gas Fund, LP",16.0899,0.019899368,0.12386707,3478495,17.3102,16.74155,-24.918810854032913,-5.409177856501223,-19.990559051360123,24.33,12.35,0,Energy,"utilities,energy",low,342.114336,3.8049339719083184,0.0,342.114336,0.0,1.0,0.6056432860051364
IEF,iShares 7-10 Year Treasury Bond ETF,94.085,-0.5550003,-0.5864331,5716295,94.4542,94.6724,0.20653326715687204,3.334982694279298,3.468233457336156,99.18,91.08,0,Diversified,"diversified,ai",low,34938.195968,0.41400055862647384,371.0,34938.195968,0.0,1.0,0.9393047044432413
VCIT,Vanguard Intermediate-Term Corporate Bond Index Fund ETF Shares,81.49,-0.4200058,-0.512765,3246147,81.035,81.49705,1.5974329972737955,3.459626503152058,5.928587395626539,84.26,78.66,0,Financial,"leveraged,financial,industrial",low,55158.984704,0.3491380716066782,447.0,55158.984704,0.0,1.0,0.9475676723780373
ETHU,Volatility Shares Trust - 2x Ether ETF,59.9301,-6.8899,-10.311134,3235596,46.351,100.01665,54.66664986468663,-63.89131151966757,-76.43488418976033,268.8,5.68,0,Diversified,"diversified,leveraged,volatility",low,0.0,9.4219034740848,0.0,0.0,0.0,1.0,0.5
EWG,iShares MSCI Germany ETF,41.7,-0.52000046,-1.2316449,3200742,39.7042,35.30315,10.93376055777593,32.0456012149533,36.22998997535962,42.87,29.28,0,Diversified,diversified,low,2766.639872,1.2806665220697013,181.0,2766.639872,18.64103,1.0,0.840172865954646
VPU,Vanguard Utilities Index Fund ETF Shares,176.38,-0.80999756,-0.45713502,75065,171.8284,170.30646,6.014644740002617,7.986470161965142,19.905757836060832,180.04,146.45,0,Utilities,"utilities,leveraged",low,8714.235904,1.0540857309360756,286.0,8714.235904,20.906412,1.0,0.8477169902362627
VPLS,Vanguard Core-Plus Bond ETF,76.75,-0.25,-0.32467532,25105,76.61366,77.18588,0.5802590349279324,2.9573362317594665,5.047761769762138,79.75,74.95,0,Diversified,"dividend,diversified,value",low,557.013568,0.31072792793912757,451.0,557.013568,0.0,1.0,0.8644435316191055
VPL,Vanguard FTSE Pacific Index Fund ETF Shares,80.27,-0.4900055,-0.6067428,336437,75.4828,74.74655,10.151682822925379,13.672939892165115,12.806745621335391,80.85,64.21,0,Diversified,"diversified,leveraged",low,10770.307072,1.1994873653765088,300.0,10770.307072,14.514566,1.0,0.8763506829026098
VOX,Vanguard Communication Services Index Fund ETF Shares,164.1571,0.117111206,0.071391866,59887,151.246,152.53024,11.395721647168111,5.463284793806356,22.95422960172622,169.62,127.35,0,Communication,"leveraged,communication,consumer",low,4936.823296,1.3316262659617482,106.0,4936.823296,20.123627,1.0,0.842623343476491
VOTE,TCW Transform 500 ETF,70.76,-0.216995,-0.3057258,39893,66.3146,67.92859,9.876545111241853,3.349218689844191,12.913691894004975,72.15,56.473,0,Diversified,"diversified,value",low,778.737024,1.2634857000538116,120.0,778.737024,25.084448,1.0,0.7960604798724726
VOT,Vanguard Mid-Cap Growth Index Fund ETF Shares,272.0,-1.3800049,-0.50479364,67741,254.0444,254.67564,14.708879546420373,6.947267830197235,18.484920048997733,277.35,209.64,0,Diversified,"diversified,leveraged,growth",low,29656.336384,1.3955592088941333,65.0,29656.336384,31.740005,1.0,0.8221110514376475
VOOV,Vanguard S&P 500 Value Index Fund ETF Shares,185.575,-0.88501,-0.474638,36516,178.6946,186.6538,3.7408608214195116,1.542867014114413,7.83731694596379,199.72,159.99,0,Diversified,"diversified,value,leveraged",low,5502.104576,1.0198695489856213,216.0,5502.104576,21.45833,1.0,0.8388536055275788
VOOG,Vanguard S&P 500 Growth Index Fund ETF Shares,382.0,-1.75,-0.45602605,188533,351.02,355.5781,14.766619640996748,4.480594629222723,15.802243426451867,386.44,286.0,0,Diversified,"diversified,leveraged,growth",low,16679.359488,1.5829159638121215,54.0,16679.359488,32.636288,1.0,0.8101950282044065
VOO,Vanguard S&P 500 ETF,552.4804,-2.4696045,-0.44501385,4046848,518.9504,532.2831,9.337513647048912,3.1510870086689735,12.29603259322538,563.92,442.8,0,Diversified,"diversified,leveraged",low,1427621.80608,1.2318567792709991,129.0,1427621.80608,26.215508,1.0,0.895137968
VONV,Vanguard Russell 1000 Value Index Fund ETF Shares,83.86,-0.30999756,-0.36816815,256764,80.6844,82.87375,5.033058324284911,3.8292038238761927,11.740768120963118,87.97,71.68,0,Diversified,"diversified,value,leveraged",low,13422.317568,1.0290312172285954,199.0,13422.317568,19.617981,1.0,0.8591234048273542
VONG,Vanguard Russell 1000 Growth Index Fund ETF Shares,105.2,-0.55000305,-0.52009743,472259,96.8368,99.2813,13.631897818123019,2.1409052029603304,13.491532153388341,107.97,79.4,0,Diversified,"diversified,leveraged,growth",low,35311.280128,1.588807447210274,54.0,35311.280128,34.872005,1.0,0.8121095053678754
VONE,Vanguard Russell 1000 Index Fund ETF Shares,273.218,-0.8720093,-0.31814706,52275,256.5858,263.2745,9.54934029758956,3.025799353246872,12.809645716146267,279.48,218.75,0,Diversified,"diversified,leveraged",low,8385.953792,1.2385627422485548,122.0,8385.953792,25.7815,1.0,0.8276608083424855
VOE,Vanguard Mid-Cap Value Index Fund ETF Shares,162.7,-0.869614,-0.5316477,332022,157.2522,163.66835,4.566789136667393,1.5767607738317757,10.23515008607716,176.83,139.38,0,Diversified,"diversified,value,leveraged",low,29948.950528,1.0592471692968952,231.0,29948.950528,18.32052,1.0,0.875931123644952
VO,Vanguard Mid-Cap Index Fund ETF Shares,272.96,-1.3300171,-0.48489448,290614,259.8588,265.867,8.855748397851816,3.956538490818451,13.498606194667806,285.6,223.65,0,Diversified,"diversified,leveraged",low,185279.44704,1.15385790456962,153.0,185279.44704,22.515322,1.0,0.8855330316634467
VNQI,Vanguard Global ex-U.S. Real Estate Index Fund ETF Shares,44.84,-0.36999893,-0.8184007,91493,42.7456,42.47995,11.597809387800906,14.125729467385174,15.467338941275543,47.63,37.52,0,Real Estate,"ai,real estate,leveraged,growth",low,3510.040576,0.9400265516362561,462.0,3510.040576,15.272272,1.0,0.8570921069500039
VNQ,Vanguard Real Estate Index Fund ETF Shares,90.03,-0.6800003,-0.7496421,1152301,87.82,91.96685,2.8900725096828728,3.018268779072719,11.591851355765282,99.58,76.92,0,Real Estate,"real estate,leveraged",low,63565.672448,1.1367205271706153,407.0,63565.672448,33.012108,1.0,0.828059217260835
VNM,VanEck Vietnam ETF,13.0826,-0.27740002,-2.0763476,264080,12.5162,12.13275,5.165595507917842,13.171273053693922,1.258510546737357,13.98,10.1,0,Diversified,diversified,low,416.147488,1.6636809708768456,0.0,416.147488,15.47442,1.0,0.6254453077557024
VNLA,Janus Henderson Short Duration Income ETF,49.02,-0.020000458,-0.040788125,400863,48.9529,48.979305,1.2872482085185544,2.2353782346501205,6.307195663230614,49.21,48.22,0,Diversified,"dividend,diversified,inverse,value",low,2535.858944,0.053459760890410116,493.0,2535.858944,0.0,1.0,0.8918456799992777
VMBS,Vanguard Mortgage-Backed Securities Index Fund ETF Shares,45.63,-0.23999786,-0.52321315,562318,45.7052,45.99245,0.024275157023390115,2.633925874774845,4.184075127031073,47.59,44.65,0,Diversified,"diversified,leveraged",low,16034.011136,0.3689791032666766,413.0,16034.011136,0.0,1.0,0.9252112194113976
VLUE,iShares MSCI USA Value Factor ETF,110.27,-0.5,-0.45138577,242489,104.2828,107.85345,5.792090085824952,5.2202943207808605,10.05470179681609,115.88,91.8,0,Diversified,"diversified,ai,value",low,6330.716672,1.182841708093375,268.0,6330.716672,14.914439,1.0,0.8670596264355502
VIXY,ProShares VIX Short-Term Futures ETF,51.62,1.6599998,3.3226578,1668055,59.3832,49.91665,-6.5024455934061915,12.315056484246778,19.490736157969437,90.08,11.33,0,Diversified,"diversified,inverse,leveraged,volatility",low,129.732752,6.212891551576117,0.0,129.732752,0.0,1.0,0.5881826834760758
VIXM,ProShares VIX Mid-Term Futures ETF,17.1596,0.18959999,1.1172394,106348,17.3992,15.4858,5.01590663376783,17.45105891468466,21.440899966179327,19.92,13.68,0,Financial,"inverse,financial,volatility,dividend,value,leveraged",low,21.469856,2.9348631280259037,0.0,21.469856,0.0,1.0,0.556316678717275
VIOO,Vanguard S&P Small-Cap 600 Index Fund ETF Shares,99.18,-0.90999603,-0.9091778,28767,94.5738,103.90715,5.152672419504101,-6.301368223992975,2.7914649307925865,119.04,82.39,0,Diversified,"diversified,leveraged",low,4312.208384,1.5268715327319655,162.0,4312.208384,16.951088,1.0,0.8533556626906144
VIGI,Vanguard International Dividend Appreciation Index Fund ETF Shares,90.41,-0.76999664,-0.8442946,123388,85.8532,84.58208,9.176647392048643,13.878307959282864,13.404476015494303,91.189,74.27,0,Diversified,"dividend,diversified,value,growth",low,8622.166016,0.9623157324919491,182.0,8622.166016,21.251223,1.0,0.8461839995786633
VIG,Vanguard Dividend Appreciation Index Fund ETF Shares,201.5461,-1.0939026,-0.5398256,392801,192.1062,196.9554,6.3976880849555995,3.913679863709185,12.03742926052298,205.24,169.32,0,Diversified,"dividend,diversified,value,leveraged",low,105332.9408,1.0164516888140769,179.0,105332.9408,24.818855,1.0,0.8681435244168758
VHT,Vanguard Health Care Index Fund ETF Shares,251.8875,0.31748962,0.12620328,397214,246.907,264.73264,-3.3829292058105254,-0.50792630219888,-4.027204260553563,289.14,234.11,0,Healthcare,"healthcare,leveraged",low,17419.128832,1.0163493901953617,164.0,17419.128832,24.83567,1.0,0.8420256987514732
VGUS,Vanguard Ultra-Short Treasury ETF,75.38,0.019996643,0.026536584,30402,75.3636,75.32312,1.022834772230996,1.4065345905016846,1.406544998468151,75.54,75.03,0,Diversified,"diversified,inverse,dividend,value,leveraged",low,175.514256,0.023943712654629107,0.0,175.514256,0.0,1.0,0.593615824437764
VGT,Vanguard Information Technology Index Fund ETF Shares,628.8813,-4.9086914,-0.7744981,309215,569.226,593.34375,15.232974669883115,1.3421084027883223,9.543972157886094,648.76,451.0,0,Technology,"ai,technology,leveraged,tech",low,99743.08864,1.8950128135721025,52.0,99743.08864,37.07694,1.0,0.8183218122181076
VGSH,Vanguard Short-Term Treasury Index Fund ETF Shares,58.4352,-0.06480026,-0.11076968,851096,58.5688,58.4851,0.8798383387109476,2.1928541226948983,5.160617998373684,59.13,57.71,0,Diversified,"diversified,ai,inverse,dividend,value,leveraged",low,27034.284032,0.10622674217217172,417.0,27034.284032,0.0,1.0,0.9346637890259287
VGMS,VGMS,50.36,-0.05999756,-0.11899556,44734,0.0,0.0,0.0,0.0,0.0,50.45,50.36,0,Diversified,diversified,medium,0.0,0.0,0.0,0.0,0.0,1.0,0.5
VGLT,Vanguard Long-Term Treasury Index Fund ETF Shares,54.76,-0.70000076,-1.2621723,1137347,55.4038,57.32775,-3.456193103149574,0.6230072550880372,-2.8434408719464788,63.41,53.18,0,Diversified,"diversified,ai,dividend,value,leveraged",low,14081.819648,0.8174942896735652,446.0,14081.819648,0.0,1.0,0.9228620673965409
VGK,Vanguard FTSE Europe ETF,77.54,-0.87999725,-1.1221592,2057176,73.2524,69.4712,9.670107736153088,23.20747489074366,16.623782807357234,78.58,62.02,0,Diversified,"diversified,leveraged",low,32384.571392,1.110405262726487,289.0,32384.571392,17.56911,1.0,0.8800686121298089
VGIT,Vanguard Intermediate-Term Treasury Index Fund ETF Shares,58.985,-0.22499847,-0.3800008,834802,59.1454,58.99465,0.7958619273523038,3.311382525405482,4.773057922101209,60.82,57.4,0,Communication,"ai,communication,dividend,value,leveraged",low,39344.594944,0.2886532820674749,373.0,39344.594944,0.0,1.0,0.9414540048605985
VFLO,Victoryshares Free Cash Flow ETF,35.255,-0.04499817,-0.12749164,451720,33.298,34.205956,5.659518613371639,4.2757177561874915,14.937099399607368,37.04,29.48,0,Diversified,"diversified,leveraged",low,3947.493632,1.2379964539540131,131.0,3947.493632,13.651935,1.0,0.8652733080644621
VFH,Vanguard Financials Index Fund ETF Shares,121.93,-1.6299973,-1.3195143,222243,118.2152,118.1984,7.342595883120651,3.917253521126751,25.822766951434705,127.67,97.83,0,Financial,"leveraged,financial",low,13044.006912,1.3513936998038933,177.0,13044.006912,16.725029,1.0,0.8702813611183554
VEU,Vanguard FTSE All-World ex-US Index Fund ETF Shares,66.42,-0.66000366,-0.98390526,1742068,62.7328,61.01325,9.290795072838964,16.474943336581305,15.958394417886868,67.14,53.65,0,Diversified,"diversified,leveraged",low,65253.298176,1.0570766848765343,282.0,65253.298176,16.35288,1.0,0.8950754507700198
VEA,Vanguard FTSE Developed Markets Index Fund ETF Shares,56.3867,-0.47330093,-0.832397,6343018,53.0594,51.25625,10.5962880665321,18.70791668798195,16.50033090605838,56.9,45.14,0,Diversified,"diversified,leveraged",low,224745.914368,1.07551654457277,281.0,224745.914368,16.642277,1.0,0.911820683261985
VDE,Vanguard Energy Index Fund ETF Shares,123.24,1.659996,1.3653529,571733,114.875,123.3329,2.71918544558456,1.1128963422916582,2.121717270506851,137.41,103.07,0,Energy,"utilities,leveraged,energy,clean energy",low,8104.504832,1.6059165492796192,343.0,8104.504832,15.142679,1.0,0.869721952967365
VDC,Vanguard Consumer Staples Index Fund ETF Shares,220.065,-1.2249908,-0.5535681,36631,219.2682,217.4157,4.308203388477172,4.966317964788036,10.758364313980607,226.64,201.35,0,Consumer,"leveraged,consumer",low,9011.330048,0.8317676357487094,233.0,9011.330048,24.43955,1.0,0.8340697029333601
VCSH,Vanguard Short-Term Corporate Bond Index Fund ETF Shares,78.81,-0.16000366,-0.20260037,1623717,78.6838,78.5853,1.479280552852602,2.821130393158211,6.237965059217343,79.54,76.92,0,Financial,"leveraged,inverse,financial,industrial",low,41548.77952,0.1541284093677825,409.99999999999994,41548.77952,0.0,1.0,0.9424403634826414
VCRM,VCRM,73.08,-0.15000153,-0.20483616,19850,73.1496,74.29292,-1.1303380630479087,-0.9218580398197451,-1.2749571138983118,76.55,70.45,0,Diversified,"dividend,diversified,value",low,272.142752,0.31638062857792343,0.0,272.142752,0.0,1.0,0.6015162366979031
VCRB,Vanguard Core Bond ETF,76.53,-0.3600006,-0.4682021,90412,76.5174,77.074875,0.3591982341637934,2.8151280487004993,4.5995396591667514,79.86,74.82,0,Diversified,"dividend,diversified,value",low,2952.224256,0.33158995757847476,432.0,2952.224256,0.0,1.0,0.8945956844498998
VCR,Vanguard Consumer Discretionary Index Fund ETF Shares,355.86,-0.25,-0.07020303,25799,335.7802,350.57706,11.980644652013407,-4.025627799861575,16.070965536016544,402.25,284.84,0,Consumer,"leveraged,consumer",low,6466.1376,1.6721322254785398,82.0,6466.1376,26.266994,1.0,0.8219557607147567
VCLT,Vanguard Long-Term Corporate Bond Index Fund ETF Shares,74.185,-0.8050003,-1.0734769,921825,73.652,76.4383,-0.39903582390306,1.5020537211874574,0.9168221895504702,82.63,70.61,0,Financial,"leveraged,financial,industrial",low,11062.858752,0.7354765879284956,538.0,11062.858752,0.0,1.0,0.9184961092777993
VCIT,Vanguard Intermediate-Term Corporate Bond Index Fund ETF Shares,81.49,-0.4200058,-0.512765,3246147,81.035,81.49705,1.5974329972737955,3.459626503152058,5.928587395626539,84.26,78.66,0,Financial,"leveraged,financial,industrial",low,55158.984704,0.3491380716066782,447.0,55158.984704,0.0,1.0,0.9475676723780373
VBR,Vanguard Small-Cap Value Index Fund ETF Shares,191.09,-1.2900085,-0.6705523,217561,183.4416,196.28835,5.1096014089061725,-2.6323445739731555,6.5382314836342825,219.01,160.23,0,Diversified,"diversified,value,leveraged",low,54016.24576,1.3667202662868143,223.0,54016.24576,16.133247,1.0,0.8932180932179724
VBK,Vanguard Small-Cap Growth Index Fund ETF Shares,270.0475,-1.6625061,-0.61186785,102160,254.3596,270.90396,9.07097248621933,-3.6090785445867524,8.579300176515137,304.59,214.77,0,Diversified,"diversified,leveraged,growth",low,34952.138752,1.563289472292655,56.99999999999999,34952.138752,27.315695,1.0,0.8421867593660686
VBIL,Vanguard 0-3 Month Treasury Bill ETF,75.435,0.024993896,0.033144005,427064,75.3713,75.317024,1.0939919854149327,1.4511198964907601,1.4511198964907601,75.59,75.01,0,Diversified,diversified,low,1495.296,0.023943760880687198,0.0,1495.296,0.0,1.0,0.6322923964563626
VB,Vanguard Small-Cap Index Fund ETF Shares,231.9,-1.550003,-0.66395503,360969,220.7862,235.60776,6.859736750865353,-2.9927993632341776,7.441318643034456,263.35,190.27,0,Diversified,"diversified,leveraged",low,147558.694912,1.4380945521378863,148.0,147558.694912,19.192595,1.0,0.8955285449542444
UYLD,Angel Oak Ultrashort Income ETF,51.11,-0.02999878,-0.05866011,32396,51.10644,51.18007,1.1341699825315965,2.296681586959215,5.891471630626932,51.44,50.735,0,Diversified,"diversified,inverse,dividend,value,leveraged",low,888.061632,0.04912893929713211,554.0,888.061632,0.0,1.0,0.8728721611835513
UWM,ProShares Ultra Russell2000,36.01,-0.63000107,-1.7194352,198222,32.3914,39.9221,9.334941424100807,-13.986032464565202,-1.7018121187091784,51.87,24.47,0,Financial,"ai,leveraged,financial",low,309.295552,3.075545627265312,148.0,309.295552,16.67702,1.0,0.8163511050046262
UVXY,ProShares Ultra VIX Short-Term Futures ETF,21.815,1.0650005,5.1325326,23067773,27.8718,23.95255,-19.517140582706627,-3.0373814491446938,-7.439597527610465,65.87,17.27,0,Diversified,"diversified,inverse,leveraged,volatility",low,373.87744,9.063274900584288,0.0,373.87744,0.0,1.0,0.607245387729586
UVIX,2x Long VIX Futures ETF,27.855,1.8249989,7.011136,16270863,41.1843,39.7281,-39.88994507873185,-21.090651149385597,-50.25892938886369,199.7,4.29,0,Diversified,"diversified,ai,volatility,value,leveraged",low,379.943104,12.245393921561817,0.0,379.943104,0.0,1.0,0.6075358381745845
UUP,Invesco DB US Dollar Index Bullish Fund,27.175,0.074998856,0.27674854,2115958,27.5682,28.73135,-4.380720745570632,-8.409170316203952,-1.58911785882625,30.69,26.99,0,Diversified,"diversified,inverse,value,leveraged",low,267.430464,0.48500491996382744,480.0,267.430464,0.0,1.0,0.8512013250872608
UTWO,US Treasury 2 Year Note ETF,48.255,-0.0399971,-0.08280974,41197,48.3642,48.30763,0.749238173904776,2.0634640289630246,4.842949728464019,48.86,47.71,0,Diversified,diversified,low,381.394208,0.11024152900812222,408.0,381.394208,0.0,1.0,0.8576046377307253
UTSL,Direxion Daily Utilities Bull 3X Shares,36.51,-0.4600029,-1.24426,56276,34.4184,35.43125,12.108441214642806,12.58945306420529,39.31793887443313,42.54,24.15,0,Financial,"utilities,ai,leveraged,financial",low,33.548994,3.256248463496526,156.0,33.548994,20.632015,1.0,0.7687531202025841
UTES,Virtus Reaves Utilities ETF,73.73,-0.15999603,-0.21656205,60730,68.3914,65.91885,17.105531423324074,13.305375743234137,40.355464366530505,75.18,51.21,0,Energy,"energy,dividend,utilities,consumer,value,leveraged",low,472.212224,1.633737325210805,132.0,472.212224,20.29985,1.0,0.8079691318259725
UTEN,US Treasury 10 Year Note ETF,43.1,-0.2800026,-0.6454647,50372,43.32514,43.634747,-0.18815861367411646,3.083216040624537,2.4463932557913237,46.03,41.85,0,Diversified,diversified,low,191.599024,0.4541679549718104,415.00000000000006,191.599024,0.0,1.0,0.8451939200831992
USXF,iShares ESG Advanced MSCI USA ETF,51.7999,-0.45009995,-0.8614353,37337,48.1478,49.41995,11.92642893162985,4.072729485597315,11.40042189146282,52.76,40.01,0,Diversified,"diversified,esg,clean energy",low,1159.781888,1.4828313949345833,97.0,1159.781888,29.12548,1.0,0.7856564341021982
USRT,iShares Core U.S. REIT ETF,57.2662,-0.43379974,-0.7522913,62896,55.861,58.53485,2.573382683194758,1.272928344368096,10.913333280137461,63.22,48.48,0,Real Estate,"utilities,real estate",low,2954.695424,1.1585737936108973,281.0,2954.695424,32.648598,1.0,0.7850942639739441
USOY,Defiance Oil Enhanced Options Income ETF,10.05,0.15140057,1.529515,64935,10.2222,13.27175,2.007798452157661,-1.6078306736428183,6.9530517203827635,19.88,9.54,0,Energy,"dividend,ai,value,energy",low,35.048552,1.3305432187746458,9734.0,35.048552,0.0,1.0,0.8148703260268253
USOI,UBS ETRACS Crude Oil Shares Covered Call ETN,56.8,0.48199844,0.8558515,118279,54.8726,62.20265,0.837846949308485,-6.532525563168723,-4.266929365369043,75.99,50.05,0,Energy,energy,low,290.861312,1.4182616963262222,2412.0,290.861312,0.0,1.0,0.8527156887673478
USO,"United States Oil Fund, LP",79.32,4.2699966,5.6895356,17092374,68.07,72.6292,10.751182145981787,3.106719589454676,4.726699144478319,84.58,60.67,0,Energy,"utilities,energy",low,907.009344,1.9698291791703293,0.0,907.009344,24.0,1.0,0.6026030105904516
USMV,iShares MSCI USA Min Vol Factor ETF,93.475,-0.33499908,-0.35710382,1600203,91.8404,91.7483,3.1357091447836494,5.79959555598617,14.304561199765686,95.12,82.44,0,Diversified,"diversified,volatility",low,23981.406208,0.8307724286920256,155.0,23981.406208,24.128063,1.0,0.8494841731559131
USMC,Principal U.S. Mega-Cap ETF,61.135,-0.23500061,-0.38295543,89070,57.5373,58.50601,9.983763398421797,2.8317700412310742,15.272440948506594,63.131,49.011,0,Diversified,diversified,low,2871.095296,1.2267728647234462,100.0,2871.095296,26.936722,1.0,0.8075264068560601
USIG,iShares Broad USD Investment Grade Corporate Bond ETF,50.67,-0.27000046,-0.5300363,388409,50.4248,51.00255,0.9395940921301138,2.7294125835996663,4.693161622763253,52.94,49.1,0,Diversified,"dividend,diversified,value",low,13720.873984,0.3693546816456169,455.99999999999994,13720.873984,0.0,1.0,0.9223922261095122
USHY,iShares Broad USD High Yield Corporate Bond ETF,36.965,-0.07500076,-0.2025132,4386413,36.5536,37.018574,2.641694940352779,3.1684895828619997,8.83780469190234,37.72,34.901,0,Diversified,"dividend,diversified,value,leveraged",low,22685.257728,0.3555172152228103,676.0,22685.257728,10.846696,1.0,0.9018053113863796
USFR,WisdomTree Floating Rate Treasury Fund,50.4161,0.016098022,0.03194052,1737886,50.3704,50.3611,1.084037723683684,1.9258301582439241,4.777021335025888,50.51,50.19,0,Diversified,"diversified,financial",low,18856.312832,0.02043949154945169,468.0,18856.312832,0.0,1.0,0.9281449919093936
USD,ProShares Ultra Semiconductors,62.435,-1.5849953,-2.4757814,407371,46.4592,57.495625,35.65976248253895,-7.491928203572273,-17.588819444311564,113.63,25.13,0,Technology,"leveraged,ai,technology,financial",low,1008.88896,6.212474634051178,21.0,1008.88896,40.686897,1.0,0.7373948661521489
URTY,ProShares UltraPro Russell2000,36.83,-1.0199966,-2.6948392,820428,31.8764,45.93055,8.936276418539002,-25.078700327729532,-13.25091234776533,68.23,21.15,0,Financial,"ai,leveraged,financial",low,297.326816,4.625119288626135,204.0,297.326816,17.092241,1.0,0.8141207790992618
URTH,iShares MSCI World ETF,166.06,-0.91000366,-0.54501027,269058,156.242,157.09006,9.798989372623069,6.997423211273168,13.734113875950914,167.13,132.93,0,Diversified,diversified,low,4787.218944,1.1545758338344787,140.0,4787.218944,22.953121,1.0,0.8308599826849156
URNM,Sprott Uranium Miners ETF,43.33,0.4300003,1.0023317,215962,36.1774,40.7524,29.964012095816873,0.3241565380813105,-13.832295877321377,53.48,27.6,0,Materials,"materials,leveraged",low,1489.021952,2.6747071074054,317.0,1489.021952,8.886141,1.0,0.8702285248925398
URNJ,Sprott Junior Uranium Miners ETF,18.86,0.23000145,1.2345757,598950,15.9728,19.0743,30.338633464477272,-9.500957426770718,-23.3763090850719,26.95,11.52,0,Materials,"materials,leveraged",low,256.945456,3.4651754860533948,454.0,256.945456,0.0,1.0,0.8504803284037423
URAA,Direxion Daily Uranium Bull 2X ETF,25.2,0.460001,1.8593411,27600,15.88636,19.058784,99.65544022796162,25.62024724793317,3.5988849446592974,30.89,8.729,0,Financial,"ai,leveraged,financial",low,9.734627,5.224884935784994,0.0,9.734627,33.386864,1.0,0.5008121092815221
URA,Global X Uranium ETF,36.25,0.24000168,0.66630125,2353681,27.2134,27.9542,54.1897050067536,28.957663510867615,24.461652782359167,36.73,19.5,0,Diversified,diversified,low,3228.3776,2.5717728154390875,239.0,3228.3776,27.805601,1.0,0.805748223618138
UPRO,ProShares UltraPro S&P500,84.165,-1.2350006,-1.4461365,3941227,71.7134,84.0153,18.50090860176301,-4.0263907361510975,11.818154727152418,100.06,45.88,0,Financial,"ai,leveraged,financial",low,3852.89728,3.690343472516079,111.00000000000001,3852.89728,25.723108,1.0,0.8166375724996315
UNG,"United States Natural Gas Fund, LP",16.0899,0.019899368,0.12386707,3478495,17.3102,16.74155,-24.918810854032913,-5.409177856501223,-19.990559051360123,24.33,12.35,0,Energy,"utilities,energy",low,342.114336,3.8049339719083184,0.0,342.114336,0.0,1.0,0.6056432860051364
ULTY,YieldMax Ultra Option Income Strategy ETF,6.19,0.0,0.0,6690270,5.9826,8.4151,21.620171226488583,3.361950210121889,7.8366001132579965,14.4,5.23,0,Diversified,"diversified,ai,volatility,dividend,value,leveraged",low,349.97072,1.8803735733299451,14646.0,349.97072,24.30853,1.0,0.7876082428876222
ULST,SPDR SSgA Ultra Short Term Bond ETF,40.5455,-0.004497528,-0.011091452,67455,40.54,40.54475,1.101420645435236,2.2001755201927597,5.154840511557346,40.84,40.24,0,Diversified,"diversified,inverse,dividend,value,leveraged",low,666.033664,0.08969396343178693,480.0,666.033664,0.0,1.0,0.8676728230224167
ULE,ProShares Ultra Euro,12.91,-0.03999996,-0.30852264,17265,12.3544,11.4351,12.849653155140729,25.828455744772217,15.062384493425984,12.99,10.11,0,Financial,"inverse,financial,dividend,value,leveraged",low,8.10618,1.1602787146066285,0.0,8.10618,0.0,1.0,0.539972342944472
UITB,VictoryShares Core Intermediate Bond ETF,46.4,-0.18999863,-0.40780988,40445,46.45552,46.705986,0.3894341645801491,2.6896912770239867,4.126598818843852,48.31,45.37,0,Industrial,"industrial,growth",low,2296.524032,0.32277296502264885,393.0,2296.524032,0.0,1.0,0.8900525026159594
UGL,ProShares Ultra Gold,37.42,0.89499664,2.4503672,1049259,138.1734,110.66655,-68.29702370189058,52.7284136634268,-50.659282732256926,153.8,37.17,0,Financial,"ai,leveraged,financial",low,476.832,5.243001812896947,0.0,476.832,0.0,1.0,0.6116364679465609
UDOW,ProShares UltraPro Dow30,85.46,-3.0,-3.3913634,2436341,79.0262,93.30765,5.117556340125762,-8.263904557357515,13.38594114756797,113.78,56.9,0,Financial,"ai,leveraged,financial",low,679.207552,3.2546170860543193,128.0,679.207552,21.660555,1.0,0.8077791616458393
UDN,Invesco DB US Dollar Index Bearish Fund,18.655,-0.045000076,-0.24051349,160210,18.2768,17.91225,6.235770239212601,12.447260488635358,9.250681825899365,19.04,16.49,0,Diversified,"diversified,inverse,value,leveraged",low,140.041392,0.49748079226650777,483.0,140.041392,0.0,1.0,0.8395561077315465
UCON,First Trust Smith Unconstrained Plus Bond ETF,24.7274,-0.06260109,-0.25252557,201449,24.6459,24.782925,0.4422416081321545,2.2042258850834218,5.330961135710455,25.339,24.375,0,Diversified,"diversified,ai,dividend,real estate,value,leveraged",low,2974.024448,0.17740766607407013,473.00000000000006,2974.024448,0.0,1.0,0.8947287724584028
UCO,ProShares Ultra Bloomberg Crude Oil,25.73,1.6899986,7.029944,7061711,21.2948,25.41,6.71919904966416,-8.82352881539521,-18.005098054923742,35.71,17.78,0,Energy,"leveraged,financial,energy",low,362.912384,3.2265686303864776,0.0,362.912384,0.0,1.0,0.6067082014563504
UBRL,GraniteShares 2x Long UBER Daily ETF,28.06,-0.5400009,-1.888115,86104,26.4012,24.074223,39.255583112457934,59.613194469383316,13.268472343368632,35.31,15.0,0,Financial,"ai,leveraged,financial",low,23.520498,5.493457792899895,0.0,23.520498,0.0,1.0,0.55789705359402
UBOT,"Direxion Daily Robotics, Artificial Intelligence & Automation Index Bull 2X Shares",19.9295,-0.41049957,-2.0181887,27930,17.87976,21.887094,3.857430382916194,-14.258477816896086,-16.267679669160785,26.9,12.19,0,Financial,"ai,leveraged,financial",low,23.105396,3.4917137975772636,145.0,23.105396,28.14316,1.0,0.7334978356801768
UBND,VictoryShares Core Plus Intermediate Bond ETF,21.54,-0.1099987,-0.50807714,47109,21.5546,21.69834,0.4536761215214735,2.661235478618673,4.726244490545706,22.43,21.11,0,Communication,"dividend,communication",low,846.948736,0.31223295550892366,458.0,846.948736,0.0,1.0,0.8720153998805226
UAE,iShares MSCI UAE ETF,17.9129,-0.47709846,-2.5940402,73694,17.7889,16.467806,6.751491011193678,9.626075626722773,34.73602072676676,18.92,13.26,0,Diversified,diversified,low,134.898528,1.1500850207172313,298.0,134.898528,10.048074,1.0,0.8309148624216351
TZA,Direxion Daily Small Cap Bear 3X Shares,12.8699,0.31989956,2.547965,13947313,15.8818,13.9379,-27.0304861253724,0.9740372703432199,-28.704195912591736,25.7,9.66,0,Financial,"ai,inverse,leveraged,financial",low,281.297888,4.614235889867203,503.0,281.297888,0.0,1.0,0.8521128178751178
TYD,Direxion Daily 7-10 Year Treasury Bull 3X Shares,24.4,-0.42000008,-1.687425,21226,24.6976,25.2031,-2.5923688150956137,4.1967772747476095,-2.4629490595935777,29.44,22.37,0,Financial,"ai,value,leveraged,financial",low,49.261832,1.2388878256030902,333.0,49.261832,0.0,1.0,0.8208849297583609
TYA,Simplify Intermediate Term Treasury Futures Strategy ETF,12.93,-0.1949997,-1.4857119,30486,13.06,13.099425,-0.4570590413265019,6.5633998204043476,1.678646715342813,14.84,11.735,0,Communication,"dividend,value,communication,leveraged",low,147.160224,1.0817824858552045,434.0,147.160224,0.0,1.0,0.8404471510807539
TWM,ProShares UltraShort Russell2000,45.915,0.8349991,1.8522606,137647,52.2478,46.86135,-16.438159017497288,4.353432849485639,-14.913616021913146,71.27,9.53,0,Financial,"ai,inverse,leveraged,financial",low,46.08496,3.0909199191020744,568.0,46.08496,0.0,1.0,0.8197034252421035
TUSI,Touchstone Ultra Short Income ETF,25.34,-0.0049991608,-0.019723669,70156,25.3292,25.373875,1.0480954098440964,2.081766174196442,5.6596549832139464,25.57,25.02,0,Diversified,"diversified,ai,inverse,dividend,value,leveraged",low,158.152896,0.07353945705586282,514.0,158.152896,0.0,1.0,0.841742272733267
TUR,iShares MSCI Turkey ETF,30.85,-0.7199993,-2.280644,131833,31.5572,34.51745,-18.58009797197844,-15.363512384788558,-25.47646030205507,44.12,29.86,0,Diversified,diversified,low,132.105776,1.7282240091720875,213.0,132.105776,10.322892,1.0,0.8295149953894765
TUA,Simplify Short Term Treasury Futures Strategy ETF,21.6,-0.14999962,-0.6896534,138851,21.918,21.8507,-0.46339466077448543,3.1572174984908496,4.891011581466698,23.399,20.9,0,Diversified,"dividend,diversified,inverse,value",low,665.524288,0.5665134514565575,455.99999999999994,665.524288,0.0,1.0,0.867658999151443
TSYY,GraniteShares YieldBOOST TSLA ETF,10.66,0.054940224,0.5180567,69306,12.1702,17.806717,3.0528872282890473,-19.819212294642817,-25.994345341978097,26.15,10.22,0,Diversified,"dividend,diversified",low,5.520687,2.98385925179476,0.0,5.520687,0.0,1.0,0.5339288897543677
TSPA,T. Rowe Price US Equity Research ETF,37.743,-0.18700027,-0.49331328,26022,35.53742,36.453365,9.14690003463896,2.1461414105666154,11.005635267972536,38.71,30.28,0,Diversified,"diversified,ai,leveraged",low,1652.799104,1.2360751194374917,50.0,1652.799104,27.2522,1.0,0.7982739584100135
TSMY,YieldMax TSM Option Income Strategy ETF,15.68,-0.07999992,-0.5076137,72059,14.7716,17.93561,22.427867050602313,4.118935300905102,14.685666279676779,22.31,12.1,0,Technology,"ai,industrial,dividend,value,technology,leveraged",low,47.764324,2.355647344948674,0.0,47.764324,0.0,1.0,0.5703375920060701
